sample_id,label,labeling_notes,label_before_adjudication,clean_text,human_notes,adjudication_applied,label_after_adjudication,human_label,adjudication_review_reason
label_sample_0251,netral,tidak ada polaritas jelas,netral,mbg adalah booster buat umkm pangan supaya bisa bersinar mbgdorongekonomi,,False,netral,,
label_sample_0252,netral,tidak ada polaritas jelas,netral,tebak nama grup wa yang isinya tsamara deddy dkk utk melawan kritik mbg,,False,netral,,
label_sample_0253,positif,sinyal positif: bergizi,positif,makan bergizi gratis ini bikin anak anak lebih bahagia dan bertenaga,,False,positif,,
label_sample_0254,netral,tidak ada polaritas jelas,netral,ahli gizi mbg dan stafnya bisa tersenyum lebaran ini gaji cair sebelum waktunya,,False,netral,,
label_sample_0255,negatif,pertanyaan tanpa polaritas jelas,netral,salah gambarnya di mana sih ada mbg yg sayur dan lauknya sebanyak itu,skeptis terhadap kualitas/menu MBG,True,negatif,negatif,catatan menunjukkan konteks ambigu/informatif
label_sample_0256,netral,tidak ada polaritas jelas,netral,engga bu kan lagi efisiensi mungkin pake uangnya prabowo seperti mbg,,False,netral,,
label_sample_0257,positif,"sinyal positif: bergizi, dukung",positif,program makan bergizi gratis jadi nyata berkat dukungan umkm umkmdukungmbg,,False,positif,,
label_sample_0258,netral,tidak ada polaritas jelas,netral,prabowo respons wacana dana zakat digunakan untuk program mbg ini penjelasannya,,False,netral,,
label_sample_0259,negatif,sinyal negatif: korupsi,negatif,udah dibilang dari awal mbg ini cuma sebagai sarana buat korupsi,,False,negatif,,
label_sample_0260,netral,tidak ada polaritas jelas,netral,tolak mbg minta pendidikan gratis begitu dikirim guru malah di bantai,,False,netral,,
label_sample_0261,netral,tidak ada polaritas jelas,netral,bukannya buat ningkatin kualitas mbg malah dipake bayar buzzer,,False,netral,,
label_sample_0262,positif,sinyal positif: dukung,positif,program mbg mendukung percepatan perkembangan ekonomi negara,,False,positif,,
label_sample_0263,positif,sinyal positif: bergizi,positif,koramil umbulharjo sukseskan program makan bergizi gratis di wilayah binaan,,False,positif,,
label_sample_0264,netral,tidak ada polaritas jelas,netral,no wonder anakuoneanga kijana shika adabu na adabu ikushike mshikamane,,False,netral,,
label_sample_0265,positif,sinyal positif: bergizi,positif,pemprov kalbar siap luncurkan program makan bergizi gratis untuk pelajar bnetwork,,False,positif,,
label_sample_0266,netral,tidak ada polaritas jelas,netral,kalo negara belom siap jalankan program mbg mending ditunda dulu atau dibatalkan,,False,netral,,
label_sample_0267,positif,sinyal positif: dukung,positif,semakin banyak dukungan semakin sukses program mbg buat papua,,False,positif,,
label_sample_0268,netral,tidak ada polaritas jelas,netral,bertemu pm ishiba shigeru presiden prabowo pastikan jepang bantu program mbg,,False,netral,,
label_sample_0269,netral,tidak ada polaritas jelas,netral,bakti untuk negeri babinsa serui bahagia terlibat langsung distribusi mbg,,False,netral,,
label_sample_0270,positif,sinyal positif: sehat,positif,diperlukan dapur sehat mbg untuk melayani ribu pelajar di gunungkidul,,False,positif,,
label_sample_0271,netral,tidak ada polaritas jelas,netral,program mbg bangkitkan ekonomi lokal lewat produk susu keren,,False,netral,,
label_sample_0272,positif,"sinyal positif: sehat, bergizi, dukung",positif,bersama dukung makan bergizi gratis cegah stunting biar anak sekolah tambah sehat,,False,positif,,
label_sample_0273,positif,sinyal positif: bergizi,positif,biar gak nongol terus bisa gak aguz dikasih program makan bergizi gratis biar diem,,False,positif,,
label_sample_0274,netral,tidak ada polaritas jelas,netral,presiden udah siapin rencana buat program mbg tetap jalan walau ada banjir,,False,netral,,
label_sample_0275,positif,sinyal positif: bergizi,positif,sukseskan makan bergizi gratis makanbergizigratis mbg papua,,False,positif,,
label_sample_0276,netral,tidak ada polaritas jelas,netral,w dah bosen bebeh bgt tiap matkul bahasannya mbg mulu apalagi susu ikan,,False,netral,,
label_sample_0277,netral,tidak ada polaritas jelas,netral,program mbg di magelang tetap berjalan saat ramadan begini menu dan distribusinya,,False,netral,,
label_sample_0278,positif,sinyal positif: bergizi,positif,apakah program makan bergizi gratis prabowo buruk bagi perekonomian,,False,positif,,
label_sample_0279,netral,tidak ada polaritas jelas,netral,distribusi program mbg tetap dijalankan meski ada banjir dari presiden,,False,netral,,
label_sample_0280,positif,"sinyal positif: sehat, dukung",positif,umkm give full support untuk program mbg demi masyarakat sehat umkmdukungmbg,,False,positif,,
label_sample_0281,positif,sinyal positif: terima kasih,positif,lebaran lebih seru kalo gaji udah aman di rekening terima kasih buat staf gizi mbg,,False,positif,,
label_sample_0282,positif,sinyal positif: bergizi,positif,program makan bergizi gratis gerakan perekonomian lokal penuhigiziindonesia,,False,positif,,
label_sample_0283,positif,sinyal positif: sehat,positif,lebih dari sekedar gerakan mbg adalah gaya hidup sehat dengan produk lokal,,False,positif,,
label_sample_0284,netral,tidak ada polaritas jelas,netral,bangga jadi bagian dari perubahan positif ini program mbg emang juara,,False,netral,,
label_sample_0285,positif,sinyal positif: bergizi,positif,hilang cerita makan bergizi gratis anak sekolah sudah puasa siap tu libur panjang,,False,positif,,
label_sample_0286,negatif,pertanyaan tanpa polaritas jelas,netral,nasi kotak buat artis pasti budgetnya k up gak sih lah mbg berapa,membandingkan anggaran MBG secara kritis,True,negatif,negatif,catatan menunjukkan konteks ambigu/informatif
label_sample_0287,positif,"sinyal positif: baik, solusi, dukung",positif,program mbg salah satu solusi terbaik untuk anak papua kita dukung yuk,,False,positif,,
label_sample_0288,positif,sinyal positif: makasih,positif,mbg jalan harga pangan naik gk pak kmi gk trimakasih nambah beban rakyat aj,,False,positif,,
label_sample_0289,netral,tidak ada polaritas jelas,netral,ikutan mbg biar tubuh lebih fit dan petani lokal makin dipanggil pahlawan,,False,netral,,
label_sample_0290,netral,tidak ada polaritas jelas,netral,langkah besar dari mbg buat pendidikan papua jadi makin terjangkau dan fleksibel,,False,netral,,
label_sample_0291,positif,sinyal positif: bergizi,positif,walau sebenarnya makan bergizi gratis itu ga benar benar gratis,,False,positif,,
label_sample_0292,positif,sinyal positif: dukung,positif,keren upaya pemerintah dan militer buat dukung pendidikan lewat program mbg,,False,positif,,
label_sample_0293,netral,tidak ada polaritas jelas,netral,pemerintah pastikan mbg buat juta jiwa langkah optimis dan keren abis,,False,netral,,
label_sample_0294,netral,tidak ada polaritas jelas,netral,presiden totalitas pastikan lintas aliran mbg tetap sampai di setiap daerah banjir,,False,netral,,
label_sample_0295,positif,sinyal positif: bergizi,positif,sekolah di papua akan diberdayakan menjadi dapur makan bergizi gratis,,False,positif,,
label_sample_0296,positif,sinyal positif: sehat,positif,di balik generasi sehat ada juta penerima mbg di sumbar salute for a better future,,False,positif,,
label_sample_0297,netral,tidak ada polaritas jelas,netral,video pro kontra susu ikan vs susu sapi di program mbg prabowo,,False,netral,,
label_sample_0298,netral,tidak ada polaritas jelas,netral,meski banjir tak kunjung usai presiden pastikan program mbg berlanjut,,False,netral,,
label_sample_0299,positif,sinyal positif: dukung,positif,kompak bener semua mendukung mbg ekonomi rakyat jadi prioritas,,False,positif,,
label_sample_0300,netral,tidak ada polaritas jelas,netral,kepedulian sumbar layak dicontoh program mbg bawa dampak positif untuk banyak orang,,False,netral,,
