sample_id,clean_text,label,labeling_notes
label_sample_0051,betul program mbg,,
label_sample_0052,tutor mbg ada di twitter regilios ndut,,
label_sample_0053,thiakhane rek,,
label_sample_0054,kenyang kagak bego iya indonesiagelap makansianggratis,,
label_sample_0055,coba di tawarin ke tim mbg,,
label_sample_0056,sir kasi mbg jg dong ini sir tolong,,
label_sample_0057,berasa mbg,,
label_sample_0058,mbg guys yokk,,
label_sample_0059,wts tiket timnas vs jepang wajib cod jogjaa,,
label_sample_0060,pasti ini caranya dengan mbg ketebakk nihh,,
label_sample_0061,mbg perdana di kotim dinikmati pelajar,,
label_sample_0062,anggaran untuk minum anda lebih besar dari mbg,,
label_sample_0063,mbg ama bw juga nah itu doang kan yg rame,,
label_sample_0064,fawad khan s mbg,,
label_sample_0065,mbg said he hates halo,,
label_sample_0066,mbg sucks in general,,
label_sample_0067,apasih isi daging kampanyenya mbg doang bkn,,
label_sample_0068,indonesia sehat berawal dari mbg mari terus dukung,,
label_sample_0069,tapi better anjirt dari mbg,,
label_sample_0070,program mbg makin hits nigcelom banget untuk jutaan orang,,
label_sample_0071,bru baca yg mbg,,
label_sample_0072,kata gendis semangkane mbg kecut bisa diganti duku,,
label_sample_0073,nasib apple di ri terancam hingga mbg butuh tambahan dana,,
label_sample_0074,mbg itu makan batagor gratis rupanya hehe,,
label_sample_0075,kerby kerby kerby,,
label_sample_0076,apapun masalahnya solusinya mbg gitu hh lawak,,
label_sample_0077,simpel apun permasalah negara solusinyq adalah mbg,,
label_sample_0078,yg penting tweet nya ngenyangin birahi buzzer mbg,,
label_sample_0079,mantul dukungan gizi dari polri bikin mbg makin optimal,,
label_sample_0080,bnyk kali cakapmu kontol ini korban anak lg dr mbg,,
label_sample_0081,untuk mbg saja ngutang ngomong sebakul ampun,,
label_sample_0082,wow program mbg prabowo emang keren abis,,
label_sample_0083,apa nanti ke mbg ya,,
label_sample_0084,mikirin mbg ga kelarâ kapan mau mikir yg lain,,
label_sample_0085,sekalian aja semua apbn buat mbg yg kalian banggain itu,,
label_sample_0086,sepertinya mas perlu dapat mbg supaya tidak stunting bu,,
label_sample_0087,mbg makan bergizi gratis ã mbg mall bali galeria,,
label_sample_0088,pati itu singkatan kepanjangannya pejabat tinggi cmiiw,,
label_sample_0089,semua kacau gara gara mbg,,
label_sample_0090,apaka intense seizecontroldlsu,,
label_sample_0091,batalkan program mbg,,
label_sample_0092,duitnya udh habis bwt mbg,,
label_sample_0093,boonk dpt mbg,,
label_sample_0094,kepala batu orang butuh pendidikan gratiss wok ndasmu mbg,,
label_sample_0095,dukung penuh program program pendidikan kayak mbg ini,,
label_sample_0096,semua demi makan bergizi gratis yang gak bergizi amat itu,,
label_sample_0097,bayarkan dulu hak para sppg program mbg dari bulan januari,,
label_sample_0098,jauh kali pun dr mbg,,
label_sample_0099,keliatannya lebih bergizi dari mbg,,
label_sample_0100,makan bergizi gratis mgb,,
