sample_id,clean_text,current_label,labeling_notes,review_reason,human_label,human_notes,final_label
label_sample_0753,pakk di jakarta aja belum semua sdn dapat program mbg apalagi di daerah pakk negara mana pakk yg mau belajar program mbg,netral,pertanyaan tanpa polaritas jelas,catatan menunjukkan konteks ambigu/informatif,,,
label_sample_0755,yaelah voters masih aja tone deaf mana tuh yang koar koar siapapun presiden nya kita bakalan gini gini aja kasih makan tuh otak lo pake makanan gratis yang katanya bergizi itu fuck you all,netral,pertanyaan tanpa polaritas jelas,catatan menunjukkan konteks ambigu/informatif,,,
label_sample_0760,beneran penasaran seberapa jauh pemerintah bakalan obrak abrik anggaran lain yang lebih penting demi program mbg ini dan berapa lama jg nih program akan bertahan,netral,pertanyaan tanpa polaritas jelas,catatan menunjukkan konteks ambigu/informatif,,,
label_sample_0761,stress masalahnya apa solusinya apa muak banget rasanya sama pemerintah dikira mbg bisa nyegah banjir kali ya gara gara mbg noh semuanya jdi bermasalah pgn berkata kasar tp dah puasa,netral,pertanyaan tanpa polaritas jelas,catatan menunjukkan konteks ambigu/informatif,,,
label_sample_0763,generasi penerus bangsa palestina numpang makan dan berak di indonesia untuk sementara pak ga sia sia program makan bergizi gratis,netral,"campuran atau ambigu, perlu review",catatan menunjukkan konteks ambigu/informatif,,,
label_sample_0767,apa itu makan bergizi gratis yuuk sahabat sehat simak info lengkapnya pada slide diatas mbg makanbergizigratis dinkesklaten dinkeskabklaten,netral,pertanyaan tanpa polaritas jelas,catatan menunjukkan konteks ambigu/informatif; netral tetapi ada sinyal positif,,,
label_sample_0769,pak menteri jalan lintas di kab musi rawas rusak parah apakah balai hanya diam tidak berbuat apa krn anggaran nya sdh dipake danantara dan mbg indonesiagelap,netral,pertanyaan tanpa polaritas jelas,catatan menunjukkan konteks ambigu/informatif,,,
label_sample_0779,udah lama banget bahkan gak inget kapan terakhir kesana pokoknya waktu gramedia yang masih di bagian dalam jadi sekalian keliling mengitari mbg sambil nunggu kak merry dateng,netral,pertanyaan tanpa polaritas jelas,catatan menunjukkan konteks ambigu/informatif,,,
label_sample_0793,di tempat saya gak ada makan bergizi gratis tetap hidup anakâ sekolah gak ada dampaknya ya palingâ kebutuhan pokpk semakin mahal krn naiknya ppn dan pajak utk membiayai mbg ini,netral,"campuran atau ambigu, perlu review",catatan menunjukkan konteks ambigu/informatif,,,
