batch_id,sample_id,clean_text,current_label,labeling_notes,review_reason,human_label,human_notes,final_label
003,label_sample_0115,eeh mpangi,netral,tidak ada polaritas jelas,teks sangat pendek,,,
003,label_sample_0123,mbg tuh apa si makan bersama gratis,netral,pertanyaan tanpa polaritas jelas,catatan menunjukkan konteks ambigu/informatif,,,
003,label_sample_0130,yg deket mbg,netral,tidak ada polaritas jelas,teks sangat pendek,,,
003,label_sample_0138,mbg bukan,netral,tidak ada polaritas jelas,teks sangat pendek,,,
003,label_sample_0145,trikot,netral,tidak ada polaritas jelas,teks sangat pendek,,,
003,label_sample_0150,oke mbg nan,netral,tidak ada polaritas jelas,teks sangat pendek,,,
004,label_sample_0155,kok hampir semua kementrian pd ngotot mbg ada apa,netral,pertanyaan tanpa polaritas jelas,catatan menunjukkan konteks ambigu/informatif,,,
004,label_sample_0159,ompreng penjara mbg,netral,tidak ada polaritas jelas,teks sangat pendek,,,
004,label_sample_0162,degeul domram bi,netral,tidak ada polaritas jelas,teks sangat pendek,,,
004,label_sample_0165,otw mbg,netral,tidak ada polaritas jelas,teks sangat pendek,,,
004,label_sample_0166,mbg opo,netral,tidak ada polaritas jelas,teks sangat pendek,,,
004,label_sample_0171,mbemba,netral,tidak ada polaritas jelas,teks sangat pendek,,,
004,label_sample_0173,mbg sopo,netral,tidak ada polaritas jelas,teks sangat pendek,,,
004,label_sample_0178,full untuk mbg,netral,tidak ada polaritas jelas,teks sangat pendek,,,
004,label_sample_0186,mbg nj m,netral,tidak ada polaritas jelas,teks sangat pendek,,,
004,label_sample_0189,mbg tu program pemerintah apa rakyat sebenernya,netral,pertanyaan tanpa polaritas jelas,catatan menunjukkan konteks ambigu/informatif,,,
004,label_sample_0198,mbg tuh apa ya kak makanan babi gendut kahh,netral,pertanyaan tanpa polaritas jelas,catatan menunjukkan konteks ambigu/informatif,,,
004,label_sample_0199,setidaknya biar jelas maunya apa mbg,netral,pertanyaan tanpa polaritas jelas,catatan menunjukkan konteks ambigu/informatif,,,
004,label_sample_0200,dia ngomong apa emang ttg mbg ikn,netral,pertanyaan tanpa polaritas jelas,catatan menunjukkan konteks ambigu/informatif,,,
005,label_sample_0201,mbg tai emang,netral,tidak ada polaritas jelas,teks sangat pendek,,,
005,label_sample_0247,hah maksudnya apa sih meninjau mbg kok malah bagi skincare woy kerja yang bener,netral,pertanyaan tanpa polaritas jelas,catatan menunjukkan konteks ambigu/informatif,,,
006,label_sample_0255,salah gambarnya di mana sih ada mbg yg sayur dan lauknya sebanyak itu,netral,pertanyaan tanpa polaritas jelas,catatan menunjukkan konteks ambigu/informatif,,,
006,label_sample_0286,nasi kotak buat artis pasti budgetnya k up gak sih lah mbg berapa,netral,pertanyaan tanpa polaritas jelas,catatan menunjukkan konteks ambigu/informatif,,,
007,label_sample_0337,mirip siapa gitu yaa digencarkan program mbg ketimbang pendidikan gratis lagulama,netral,pertanyaan tanpa polaritas jelas,catatan menunjukkan konteks ambigu/informatif,,,
008,label_sample_0385,iya yg saya heran tuh kata merata maksudnya apa sih sdh merata semua daerah dpt mbg,netral,pertanyaan tanpa polaritas jelas,catatan menunjukkan konteks ambigu/informatif,,,
008,label_sample_0386,solaria di mbg ni pindah apa gimana sii udh muter tetep gak nemu,netral,pertanyaan tanpa polaritas jelas,catatan menunjukkan konteks ambigu/informatif,,,
008,label_sample_0395,yaallah makan gratis bergizi dari mana gue yg liatnya aja gak nafsu apalagi anak,netral,pertanyaan tanpa polaritas jelas,catatan menunjukkan konteks ambigu/informatif,,,
009,label_sample_0404,mbg kan mau didanain mereka dgn syarat ambil barang dari mereka jg jadi yg bego siapa,netral,pertanyaan tanpa polaritas jelas,catatan menunjukkan konteks ambigu/informatif,,,
009,label_sample_0444,gak heran lh mereka kerja kan gotong royong gak apa lah toh urusan mbg menteri hutan jg ikut kok,netral,pertanyaan tanpa polaritas jelas,catatan menunjukkan konteks ambigu/informatif,,,
010,label_sample_0461,siapa sih yg ngeyakinin dia program mbg bisa nguntungin dia eh salah nguntungin rakyat,netral,pertanyaan tanpa polaritas jelas,catatan menunjukkan konteks ambigu/informatif,,,
010,label_sample_0467,kalo kritik deddy corbuzier ke anak anak yang complain tentang mbg itu masuknya yang mana bang,netral,pertanyaan tanpa polaritas jelas,catatan menunjukkan konteks ambigu/informatif,,,
011,label_sample_0506,anak sekolah loh mereka objek sebenarnya dari proker mbg ini dan mereka nolak kurang jelas apa lagi,netral,pertanyaan tanpa polaritas jelas,catatan menunjukkan konteks ambigu/informatif,,,
011,label_sample_0536,wamendag dyah roro esti meninjau program makan bergizi gratis di slb negeri slipi jakarta seperti apa,netral,pertanyaan tanpa polaritas jelas,catatan menunjukkan konteks ambigu/informatif,,,
012,label_sample_0554,pemimpin dunia mana yang mau belajar mbg dari indonesia cepat kau kasih tau mana siapa yeuu kocak,netral,pertanyaan tanpa polaritas jelas,catatan menunjukkan konteks ambigu/informatif,,,
012,label_sample_0574,mari kita lihat siapa ajah investornya boleh spill dan ihsg anjlok karena invest ke mbg ups,netral,pertanyaan tanpa polaritas jelas,catatan menunjukkan konteks ambigu/informatif,,,
012,label_sample_0595,lagi kepikiran kan yg dapet mbg kan anak sekolah ya trs yg ga sekolah ttp dapet apa ga ya,netral,pertanyaan tanpa polaritas jelas,catatan menunjukkan konteks ambigu/informatif,,,
013,label_sample_0608,apa kabar mbg ada yang melontarkan wacana ambil dana zakat jika dana mbg tidak cukup khilafahajaranislam islamkaffah nisa khilafah,netral,pertanyaan tanpa polaritas jelas,catatan menunjukkan konteks ambigu/informatif,,,
013,label_sample_0644,kenapa mbg tidak di fokuskan dulu di daerah t jadi tidak terlalu membebani anggaran di awal yang berdampak kemana mana sekolah dengan reputasi orang kaya dapet mbg seakan akan menjadi sia sia,netral,pertanyaan tanpa polaritas jelas,catatan menunjukkan konteks ambigu/informatif,,,
013,label_sample_0649,ihsg anjlok ya karena emang mau dibikin anjlok aja kalo prabowo tetap memberantas korupsi dan tetap menjalankan program makan bergizi gratis begitu kamerad yg paling berkorban,netral,"campuran atau ambigu, perlu review",catatan menunjukkan konteks ambigu/informatif,,,
014,label_sample_0656,blunder ppn mbg pada gamau mikir dampak lainnya giliran dikasih lihat fakta di lapangan malah cuci tangan mana pendukungnya pada tolol lagi masih aja ngebelain,netral,pertanyaan tanpa polaritas jelas,catatan menunjukkan konteks ambigu/informatif,,,
014,label_sample_0659,wooee zakat itu dibagikan kepada fakir miskin atau orang fisabilillah bukan untuk mbg yang mana sebagian besar masih mampu makan di rumah ojo ngawur bambaang,netral,pertanyaan tanpa polaritas jelas,catatan menunjukkan konteks ambigu/informatif,,,
014,label_sample_0660,ini pemerintah sama legislatif kok kayak amatiran ya apa gak dipikir imbasnya apa banyak yg gak bisa menafkahi keluarga dan jadi pengangguran apa karena mbg jadi menghemat sampai segitunya,netral,pertanyaan tanpa polaritas jelas,catatan menunjukkan konteks ambigu/informatif,,,
014,label_sample_0670,di mbg extension lantai sudah ada store baru nih yukk mampir cek siapa tau ada kebutuhan perlengkapan olahraga fashion yg kamu butuhkan malbaligaleria familymall mbgextension,netral,pertanyaan tanpa polaritas jelas,catatan menunjukkan konteks ambigu/informatif,,,
014,label_sample_0679,mempersilakan apa minta nih banyak kegiatan apbd yg dipending nunggu juknis kemenkeu denger denger utk sharing biaya mbg emang hasyu kalian ini siapa berbuat siapa yg ikut tanggungjawab,netral,pertanyaan tanpa polaritas jelas,catatan menunjukkan konteks ambigu/informatif,,,
014,label_sample_0685,tapera bpjs kelangkaan gas melon mbg berujung efisiensi pagar laut danatara ada yg mau nambahin ini baru jalan berapa bulan udah blunder banget pemerintah,netral,pertanyaan tanpa polaritas jelas,catatan menunjukkan konteks ambigu/informatif,,,
014,label_sample_0697,mbg makan beracun gratis pelajar sdn kasipute di kab bombana sulawesi tenggara muntah usai menerima makan siang bergizi rabu min siapa yg bisa dituntut dg kasus spt ini,netral,pertanyaan tanpa polaritas jelas,catatan menunjukkan konteks ambigu/informatif,,,
015,label_sample_0720,gw masih gak ngerti sasaran program makan bergizi gratis ini buat siapa sih sebenarnya gw yg tolol apa emang berubah ubah sasarannya makansianggratis prabowogibran,netral,pertanyaan tanpa polaritas jelas,catatan menunjukkan konteks ambigu/informatif,,,
015,label_sample_0726,makan tuh program makan bergizi gratis yang gak jelas dibalik program itu banyak sektor yang anggarannya dipangkas banyak yang nangis program jelek dipertahankan karena ego bodoh,netral,"campuran atau ambigu, perlu review",catatan menunjukkan konteks ambigu/informatif,,,
015,label_sample_0733,terlepas dari hoaks atau tidaknya alasan beberapa vendor mbg mundur kita sama sama tau lah siapa yang memegang kendali media dialah yang mengendalikan fakta cc,netral,pertanyaan tanpa polaritas jelas,catatan menunjukkan konteks ambigu/informatif,,,
015,label_sample_0749,knapasi berita yg dari indonesia ni kalo bukan kucheng ngeliatin duel tikus buaya puraâ tenggelam sambil dadahâ ya program makan siang gratis yang ternyata basi dan tidak bergizi,netral,"campuran atau ambigu, perlu review",catatan menunjukkan konteks ambigu/informatif; netral tetapi ada sinyal negatif,,,
016,label_sample_0753,pakk di jakarta aja belum semua sdn dapat program mbg apalagi di daerah pakk negara mana pakk yg mau belajar program mbg,netral,pertanyaan tanpa polaritas jelas,catatan menunjukkan konteks ambigu/informatif,,,
016,label_sample_0755,yaelah voters masih aja tone deaf mana tuh yang koar koar siapapun presiden nya kita bakalan gini gini aja kasih makan tuh otak lo pake makanan gratis yang katanya bergizi itu fuck you all,netral,pertanyaan tanpa polaritas jelas,catatan menunjukkan konteks ambigu/informatif,,,
016,label_sample_0760,beneran penasaran seberapa jauh pemerintah bakalan obrak abrik anggaran lain yang lebih penting demi program mbg ini dan berapa lama jg nih program akan bertahan,netral,pertanyaan tanpa polaritas jelas,catatan menunjukkan konteks ambigu/informatif,,,
016,label_sample_0761,stress masalahnya apa solusinya apa muak banget rasanya sama pemerintah dikira mbg bisa nyegah banjir kali ya gara gara mbg noh semuanya jdi bermasalah pgn berkata kasar tp dah puasa,netral,pertanyaan tanpa polaritas jelas,catatan menunjukkan konteks ambigu/informatif,,,
016,label_sample_0763,generasi penerus bangsa palestina numpang makan dan berak di indonesia untuk sementara pak ga sia sia program makan bergizi gratis,netral,"campuran atau ambigu, perlu review",catatan menunjukkan konteks ambigu/informatif,,,
016,label_sample_0767,apa itu makan bergizi gratis yuuk sahabat sehat simak info lengkapnya pada slide diatas mbg makanbergizigratis dinkesklaten dinkeskabklaten,netral,pertanyaan tanpa polaritas jelas,catatan menunjukkan konteks ambigu/informatif; netral tetapi ada sinyal positif,,,
016,label_sample_0769,pak menteri jalan lintas di kab musi rawas rusak parah apakah balai hanya diam tidak berbuat apa krn anggaran nya sdh dipake danantara dan mbg indonesiagelap,netral,pertanyaan tanpa polaritas jelas,catatan menunjukkan konteks ambigu/informatif,,,
016,label_sample_0779,udah lama banget bahkan gak inget kapan terakhir kesana pokoknya waktu gramedia yang masih di bagian dalam jadi sekalian keliling mengitari mbg sambil nunggu kak merry dateng,netral,pertanyaan tanpa polaritas jelas,catatan menunjukkan konteks ambigu/informatif,,,
016,label_sample_0793,di tempat saya gak ada makan bergizi gratis tetap hidup anakâ sekolah gak ada dampaknya ya palingâ kebutuhan pokpk semakin mahal krn naiknya ppn dan pajak utk membiayai mbg ini,netral,"campuran atau ambigu, perlu review",catatan menunjukkan konteks ambigu/informatif,,,
017,label_sample_0804,hanya ibu yg tau apa yg terbaik unk anaknya baik gizinya kualitasnya maupun menu makanannya sekali lagi ahok benar semoga ga terjadi lg kasian mereka pelajarannya jadi terganggu geger makan bergizi gratis berujung keracunan massal di sukoharjo,netral,pertanyaan tanpa polaritas jelas,catatan menunjukkan konteks ambigu/informatif,,,
017,label_sample_0805,ko diem aja to min pak prabowo juga mbok ya buka suara apa ya ga kasian sama pegawai yg pada dirumahkan mbok ya punya hati sedikit gitu lho alasan buat makan bergizi gratis tapi dg cara ngebuat anak lain sekeluarga gabisa makan karna bapak tulang punggungnya dipecat,netral,pertanyaan tanpa polaritas jelas,catatan menunjukkan konteks ambigu/informatif,,,
017,label_sample_0815,tingkat kepuasan publik terhadap kinerja prabowo gibran menurut salah satu lembaga survey mencapai persen di hari kerja apa yang perlu dievaluasi dari program program prabowo gibran yang sudah berjalan seperti program mbg talk pengamat komunikasi politik dr,netral,pertanyaan tanpa polaritas jelas,catatan menunjukkan konteks ambigu/informatif,,,
017,label_sample_0816,kagak ada tuh dikomen gue juga yg blg mbg ala kadarnya terus gara gue bilang yg penting ada dulu katanya gak apa nasi pungut dijalan klw buat org bermobil emang ala kadarnya kali yah gue yg pernah di garis depan pendidikan aja miris makanya dukung mbg,netral,pertanyaan tanpa polaritas jelas,catatan menunjukkan konteks ambigu/informatif,,,
017,label_sample_0818,siapa sih orang tua yg g mau anaknya makan makanan bergizi sy yakin g ada cuma keadaan aja yg membuat orang tua memberi makanan seadanya kalau sy boleh ususl mending alihkan saja mbg jadi program wajib belajar thn pastika biayanya gratis sy jamin ini investasi yg tepat,netral,pertanyaan tanpa polaritas jelas,catatan menunjukkan konteks ambigu/informatif,,,
017,label_sample_0820,kalau orang tua bilang aku dulu tapi ngga ngerti esensi mbg udah gausah didengerin baca ngga dia rkp kalau mbg itu prioritas nasional ke bukan pribadi atau individu tercantum kok kalorinya jelly drink berapa kkal,netral,pertanyaan tanpa polaritas jelas,catatan menunjukkan konteks ambigu/informatif,,,
017,label_sample_0823,cukup besar harga yang harus di bayar rakyat dalam degelan negeri pak inilah yang kami sebut dengan indonesiagelap ada mbg untuk sebagian kecil anak indonesia tapi ada puluhan ribu bapak anak indonesia tak ada pekerjaan terus harus penuhi kebutuhan gizi dng apa pak,netral,pertanyaan tanpa polaritas jelas,catatan menunjukkan konteks ambigu/informatif,,,
017,label_sample_0834,tentu tidak murah karena itu dunia usaha turut berpartisipasi selengkapnya jawaban saya mengenai mbg gotong royong silahkan disimak di video berikut ini yuk tanya apa lagi tulis di kolom komentar dengan hastag tanyanin mbg makanbergizigratis mbggotongroyong kadin,netral,pertanyaan tanpa polaritas jelas,catatan menunjukkan konteks ambigu/informatif,,,
017,label_sample_0836,elu terlalu positif ngeliat pemerintah nyet jadi tujuannya itu buat cuma makan gratis makan bergizi cegah stunting atau apa udah bandingin belom sama janji kampanyenya bangun woi baru keluar dari goa apa gimane apa kerjaan lu emang nyebokin program ngaco,netral,pertanyaan tanpa polaritas jelas,catatan menunjukkan konteks ambigu/informatif,,,
017,label_sample_0842,hi foters kalian masih ingatkan program makan siang gratis yang berubah menjadi makan bergizi gratis kita akan bahas malam ini dalam fokus terkini manfaat program makan gizi gratis apa ya foters fokusterkini tvrinasional makanbergizigratis,netral,pertanyaan tanpa polaritas jelas,catatan menunjukkan konteks ambigu/informatif,,,
017,label_sample_0847,rasional saja mitra catering mbg dengan paket menu makan anggaran rata rata sepuluhriburp dapat apa dapat apa dipahami kemitraan yg sehat yg makan kenyang bergizi dan tidak terancam keracunan tekanan memenuhi paket mbg menjadi buntung,netral,pertanyaan tanpa polaritas jelas,catatan menunjukkan konteks ambigu/informatif; netral tetapi ada sinyal positif,,,
018,label_sample_0852,mengenai program makan bergizi gratis kalian termasuk yg mana a tidak setuju dengan programnya b setuju dengan programnya tapi implementasi harus tetap dievaluasi c tidak setuju dengan penyelenggara tapi kalau diselenggarakan oleh kubu kami sih otomatis akan setuju,netral,pertanyaan tanpa polaritas jelas,catatan menunjukkan konteks ambigu/informatif,,,
018,label_sample_0860,oke katakan proyek ikn ini memang distop dulu karena mmg mau revisi anggaran yang perlu dipikirkan termasuk kau juga mikir jelek jeleknya si owo mau fokus proyek mbg ini yang berujung anggaran ikn dipotong ikn setengah jadi apa gak hancur kita duit rakyat itu loh wak,netral,pertanyaan tanpa polaritas jelas,catatan menunjukkan konteks ambigu/informatif,,,
018,label_sample_0869,hh hari hari merenung kenapa aku wni prioritas utama perumahan tp gabisa kasih rumah terjangkau ya buat apa makan bergizi gratis tp pendidikan dikalahin ya buat apa yg beneran laper gabisa makan tu yg gabisa sekolah,netral,pertanyaan tanpa polaritas jelas,catatan menunjukkan konteks ambigu/informatif,,,
018,label_sample_0871,ubahlah cara gaya meraih simpati massa pencitraan pun harus diubah dg gaya sombong terbukti kalah misal bantu program makan bergizi gratis anda bantu susunya atau tempenya dijamin orang akan bersimpati,netral,"campuran atau ambigu, perlu review",catatan menunjukkan konteks ambigu/informatif,,,
018,label_sample_0872,program mbg presiden mendapat sambutan luar biasa dr sdm unggul indonesia melangitlah generasi sehat cerdas berakhlak sekolah semakin menyenangkan memupuk rasa senasib sepenanggungan tiada batas kaya miskin semua bahagia jadi ingin muda lagi eh sekolah lagi,netral,"campuran atau ambigu, perlu review",catatan menunjukkan konteks ambigu/informatif; netral tetapi ada sinyal positif,,,
018,label_sample_0877,program makan bergizi gratis mbg yang baru berjalan beberapa bulan menjadi sorotan setelah komisi pemberantasan korupsi kpk menerima laporan adanya dugaan pemotongan anggaran seporsi makanan bagi anak anak dari rp menjadi rp,netral,"campuran atau ambigu, perlu review",catatan menunjukkan konteks ambigu/informatif,,,
018,label_sample_0881,kalau ada apa bilang kalau ada apa bilang ituu kamisan udh puluhan tahun depan istana gk diwaro itu ada pagar laut gk lu samperin sekalian itu ada dosen nuntut tukin gk lu bantu itu anak papua minta pendidikan daripada mbg gk lu samperin indonesiagelap,netral,pertanyaan tanpa polaritas jelas,catatan menunjukkan konteks ambigu/informatif,,,
018,label_sample_0885,jadi buat apa ya gedung dpr coba di list pembahasan uu apa saja di hotel mewah uu kejaksaan di sheraton uu pdp di intercontinental ruu tni di fairmont rakyat makan mbg minyak ga cukup sekitar ditulis liter bensin ga sesuai dibayar begitu kah,netral,pertanyaan tanpa polaritas jelas,catatan menunjukkan konteks ambigu/informatif,,,
018,label_sample_0890,live now program makansianggratis yang diusung prabowo gibran ramai diperbincangkan sumber anggaran program ini bakal menyedot ratusan triliun rupiah dari mana dananya kami bahas di ruangpublikkbr bersama dan live yt,netral,pertanyaan tanpa polaritas jelas,catatan menunjukkan konteks ambigu/informatif,,,
018,label_sample_0895,gue sih amitâ kasih nilai aja udah bagus gak ada yg bener program mbg gak jalan danantara rampok duit rakyat liat jaksa agung mudah bgt di inversi erik tohir lgsg bilang tak ada korupsi dipertamina uu tni ubah uu tni reformasi seenak perutnya jokowi mentri korupsi tak diadili,netral,"campuran atau ambigu, perlu review",catatan menunjukkan konteks ambigu/informatif,,,
018,label_sample_0900,intinya saat ini pemberitaan fokusnya ke mbg sementara rs menanggung dosa bpjs kesehatan warga tertolong rs bengong ke siapa minta tolong bpjs hanya mengimkan pepesan kosong fraud fraud fraud masa sii karena itu apa karena sudah gak punya dana,netral,pertanyaan tanpa polaritas jelas,catatan menunjukkan konteks ambigu/informatif; netral tetapi ada sinyal positif,,,
019,label_sample_0902,bingung bingung bingung mau diumpetin dimana lagi mukaku lebih baik mana program mbg bila dibanding apa yg pernah dengungkan saat kampanye pilpres yg berjanji untuk generasi penerus bangsa nkriðÿ ðÿ yg salah nya program pendidikan gratis,netral,pertanyaan tanpa polaritas jelas,catatan menunjukkan konteks ambigu/informatif,,,
019,label_sample_0903,menurutku ga melulu soal mapan tapi siap apa nggak mau apa nggak di desa banyak yang miskin tapi kali niat punya anak ya di usahakan makan bergizi ga harus magal ke kebun petik bayam juga bergizi cek kandungan ke puskesmas gratis yang di video mah ibu nya aja ndablek,netral,pertanyaan tanpa polaritas jelas,catatan menunjukkan konteks ambigu/informatif,,,
019,label_sample_0911,ya siapa suruh melihat dr satu aspek saja aplg satu berita saja tinggal di telusuri anggaran pendidikan dan mbg ketahuan namanya juga pemerintah suka ngomong a b c dll tp yg penting pelaksanaannya aja kita liat,netral,pertanyaan tanpa polaritas jelas,catatan menunjukkan konteks ambigu/informatif,,,
019,label_sample_0912,berarti tweet kuasahukum bahwa mafia tanah itu tidakbenar alias hoaks ya charli termasuk muannas ada tweet charli kalah perkaranya dg pik itu benar apa bohong sprtinya tidak ada putusan perdata thepitnio mbg yg kalahkan charli,netral,pertanyaan tanpa polaritas jelas,catatan menunjukkan konteks ambigu/informatif,,,
019,label_sample_0915,sumpah deh dia tu tau ga si lebih baik harga bahan pokok yg dimurahin drpd mbg ga jelas itu emangnya yg butuh makan cm anakâ doang org dewasa jg butuh makan yg bergizi cok oke fokusnya ke anak tp dg harga pangan yg murah kan ortunya mampu beli anak mau apa aja bs diusahain,netral,pertanyaan tanpa polaritas jelas,catatan menunjukkan konteks ambigu/informatif,,,
019,label_sample_0919,kepala kantor komunikasi kepresidenan hasan nasbi menyatakan bahwa organisasi papua merdeka opm akan berhadapan dengan aparat tni dan polri jika melakukan ancaman terhadap sekolah di papua yang menerima manfaat program makan bergizi gratis mbg,netral,"campuran atau ambigu, perlu review",catatan menunjukkan konteks ambigu/informatif,,,
019,label_sample_0925,gengs bagaimana opini kamu soal program makan bergizi gratis mbg sejauh ini mulai bulan ini program mbg bakal memakan biaya sekitar rp triliun rp triliun per bulan jumlah yang besar ya apa kabat pengamat baca lebih lanjut,netral,pertanyaan tanpa polaritas jelas,catatan menunjukkan konteks ambigu/informatif,,,
019,label_sample_0929,pantesab mbg cuma k per anak mending makan paket nasi ayam di ciputat nambah k udah mah kenyang enak pula bingung gue sama kebijakan danantara sampe sah begini mana namanya kaya pinjol ilegal ajg wkkwk strezz,netral,pertanyaan tanpa polaritas jelas,catatan menunjukkan konteks ambigu/informatif,,,
019,label_sample_0934,menurut gue kalo emang makan siang gratis bergizi itu ga efektif yaudah batalin aja toh sebelumnya gaada pun ga jadi masalah yang jadi masalah adalah ketika memaksakan program prematur dengan merelakan program yang udah ada efek dominonya jadi meluas kemana mana,netral,pertanyaan tanpa polaritas jelas,catatan menunjukkan konteks ambigu/informatif,,,
019,label_sample_0935,sebetulnya apa yg seharusnya pemerintah lakukan untuk membalikan keadaan kalo dari gw mengurangi jumlah kabinet stafsus mengurangi gaji tunjangan pejabat tinggi mengurangi belanja tidak esensial menunda mbg ganti blt stop ikn,netral,pertanyaan tanpa polaritas jelas,catatan menunjukkan konteks ambigu/informatif,,,
019,label_sample_0940,mana dipaksa target ngurus swasembada buat program mbg tapi kena efisiensi paling gede itu konsepny gmn deh kita survey ke lapangan pake tenaga dan otak juga harus keluarin modal sendiri buat uang jalan dan makan kah,netral,pertanyaan tanpa polaritas jelas,catatan menunjukkan konteks ambigu/informatif,,,
019,label_sample_0946,lah kan nama programnya makan bergizi gratis bukan makan yang penting abis makanya kalo bikin program yg realistis lah giliran dikritik malah disururuh bersyukur karena yg bikin programnya udah mumet kalo kaya gini mah tujuan awal ga tercapai tapi buang anggaran doang malih,netral,"campuran atau ambigu, perlu review",catatan menunjukkan konteks ambigu/informatif,,,
019,label_sample_0947,inget judul programnya apa liat juga outcome program apa judulnya aja makan bergizi gratis perlu dipastikan dulu harusnya sesuai ga dgn kebutuhan gizi anak kalo judulnya makan siang gratis ga perlu ditanya soal gizinya proper apa ga,netral,pertanyaan tanpa polaritas jelas,catatan menunjukkan konteks ambigu/informatif,,,
020,label_sample_0951,turut bersimpati tapi untuk kasus kek gini ya mari dihitung berapa jumlah orang yg kehilangan pekerjaan para honorer di lingkungan pemerintah dengan berapa juta orang miskin yg dapat manfaat dari mbg kalo beneran efisiensi cuma gegara mbg dan bukan faktor lain,netral,pertanyaan tanpa polaritas jelas,catatan menunjukkan konteks ambigu/informatif,,,
020,label_sample_0953,sorry typo anggaran kementerian kan saat ini dipotong sampai mengorbankan banyak kementerian contohnya kemenkes dan kemendikdasmen menurut gw ga cocok aja kalo kementerian itu dipotong apa lagi kalau hanya untuk membantu anggaran mbg,netral,pertanyaan tanpa polaritas jelas,catatan menunjukkan konteks ambigu/informatif,,,
020,label_sample_0954,kata siapa negara efisiensi belanja cuma beda alokasi aja dulu uangnya dipake buat asn dan berbagai proyek sekarang duitnya dikumpulin buat support mbg dan bayarin gaji dan tunjangan pejabat kabinet gembrot,netral,pertanyaan tanpa polaritas jelas,catatan menunjukkan konteks ambigu/informatif,,,
020,label_sample_0960,oh buzzer udh disanguin berapa sama pemerintah cukup kan buat makan sama susu anak trus anak yg skolah tetep dpt mbg wah enak bgt udhnya dibayarin pemerintah bgini ikut program pemerintah kok enak bgt udh bisa umroh berarti kan sama naik haji dr ngebuzzernya,netral,pertanyaan tanpa polaritas jelas,catatan menunjukkan konteks ambigu/informatif,,,
020,label_sample_0963,buat apa program mbg jika akan melahirkan generasi otak dan etik kosong indonesia itu butuh pendidikan gratis berkualitas untuk jenjang paud s d pt agar generasi indonesia bangkit dan mampu bersaing di dunia bukan terus dijajah asing dan aseng,netral,pertanyaan tanpa polaritas jelas,catatan menunjukkan konteks ambigu/informatif,,,
020,label_sample_0978,ada kabar kurang sedep nih dari kepala badan gizi nasional sehingga orang siswa sd negeri dukuh jawa tengah keracunan menurut kalian penyebabnya karena apa ya share pendapat kalian di kolom komentar ya detikfood mbg kbgn,netral,pertanyaan tanpa polaritas jelas,catatan menunjukkan konteks ambigu/informatif,,,
020,label_sample_0983,waktu pemilu ditanya apapun solusinya hilirisasi ditanya sekarang jawabnya mbg mulu us tarif gimana dijawab harus tabah dan kuat emang dari awal semangatnya doang tinggi kalo dikasih pertanyaan apa yang penting jawabnya semangat,netral,pertanyaan tanpa polaritas jelas,catatan menunjukkan konteks ambigu/informatif,,,
020,label_sample_0991,orde baru again mulai dari presiden yg memangkas rumput rakyat yg katanya untuk makan bergizi gratis dan aparat yg katanya mengayomi mana ngoni band keras yg dpe lirik full kata kata kotor so boleh bangun ato bubar jo,netral,pertanyaan tanpa polaritas jelas,catatan menunjukkan konteks ambigu/informatif,,,
020,label_sample_0996,benar sekali apa yg dikatakan ustadz abdul somad sejatinya hanya orangtua yg tahu kesukaan makanan anakâ nya apalagi kualitas dan kuantitas mbg jauuh dibawah standard yg diberikan orangtua mereka sendiri banyak yg tidak mau menghabiskan makanan ala kadarnya akhirnya mubazir,netral,pertanyaan tanpa polaritas jelas,catatan menunjukkan konteks ambigu/informatif,,,
020,label_sample_1000,cmiiw makan bergizi gratis kan buat anak sekolah nih tapi yg dikasih makan gizi gratis ga ada karena ga sekolah putus sekolah karena ortunya kena phk jadinya ga ada duit buat sekolahin anaknya jadinya gmn dong yg makan siapa jadinya,netral,pertanyaan tanpa polaritas jelas,catatan menunjukkan konteks ambigu/informatif,,,
