sample_id,clean_text,true_label,predicted_label,is_correct,suggested_error_type,reviewer_notes
label_sample_0946,lah kan nama programnya makan bergizi gratis bukan makan yang penting abis makanya kalo bikin program yg realistis lah giliran dikritik malah disururuh bersyukur karena yg bikin programnya udah mumet kalo kaya gini mah tujuan awal ga tercapai tapi buang anggaran doang malih,negatif,negatif,True,correct_negative,"Prediksi sudah benar; teks berisi kritik eksplisit terhadap realisme program, respons terhadap kritik, dan pemborosan anggaran."
label_sample_0791,pov nya kemiskinan merajalela sekarang pengangguran korupsi pesta anggaran pejabat dan kalian dengan mbg berlagak seperti pahlawan,negatif,netral,False,kritik_implisit;model_miss,"Model melewatkan kritik implisit yang mengaitkan MBG dengan kemiskinan, korupsi, dan belanja pejabat."
label_sample_0761,stress masalahnya apa solusinya apa muak banget rasanya sama pemerintah dikira mbg bisa nyegah banjir kali ya gara gara mbg noh semuanya jdi bermasalah pgn berkata kasar tp dah puasa,negatif,netral,False,sarkasme;kritik_implisit;model_miss,Teks memakai nada muak dan sarkastik tentang MBG sebagai solusi yang tidak relevan untuk masalah lain.
label_sample_0926,tapi ya ini mbg fucked up juga from the beginning banyak bgt oknum catering yg nyari duit terus korupsi ini catering yg korupsi bsk kalo mati gw doakan liang lahat nisan atau peti nya bau dan lembab kayak nasi basi selain dari dana yg terlalu dipaksakan yaa,negatif,negatif,True,correct_negative,"Prediksi sudah benar; teks sangat eksplisit mengkritik MBG, korupsi katering, dan pemaksaan anggaran."
label_sample_0934,menurut gue kalo emang makan siang gratis bergizi itu ga efektif yaudah batalin aja toh sebelumnya gaada pun ga jadi masalah yang jadi masalah adalah ketika memaksakan program prematur dengan merelakan program yang udah ada efek dominonya jadi meluas kemana mana,negatif,netral,False,kritik_implisit;model_miss,Model melewatkan kritik terhadap efektivitas dan pemaksaan program prematur serta efek domino anggaran.
label_sample_0862,program gak guna lahan korupsi baru mending gratiskan sekolah subsidi uang kuliah transportasi murah sembako murah lapangan kerja mudah untuk rakyat ri kasih makan rakyat aja ribet amat dah gitu dicekik dgn pajak yg tinggi gak guna itu mbg,negatif,positif,False,model_miss,"Teks berisi penolakan eksplisit dan frasa negatif kuat seperti program tidak berguna, lahan korupsi, dan pajak tinggi."
label_sample_0657,baru banget kmrn diceritain temen kalau dana mbg dikorupsi sama suppliernya alias udah dana nya ga banyak dikorupsi pulaa,negatif,netral,False,kritik_implisit;model_miss,Model melewatkan konteks negatif tentang dugaan dana MBG yang dikorupsi supplier.
label_sample_0006,mbg tuh makan basi gratis kh,negatif,negatif,True,correct_negative,Prediksi sudah benar; teks menyindir MBG sebagai makanan basi.
label_sample_0107,penampakan mbg kalau tidak dikorupsi kira kira seperti ini,negatif,netral,False,kritik_implisit;model_miss,Model melewatkan kritik implisit tentang korupsi melalui perbandingan penampakan MBG jika tidak dikorupsi.
label_sample_0404,mbg kan mau didanain mereka dgn syarat ambil barang dari mereka jg jadi yg bego siapa,negatif,negatif,True,correct_negative,Prediksi sudah benar; teks bernada merendahkan dan mengkritik skema pendanaan/barang MBG.
label_sample_0836,elu terlalu positif ngeliat pemerintah nyet jadi tujuannya itu buat cuma makan gratis makan bergizi cegah stunting atau apa udah bandingin belom sama janji kampanyenya bangun woi baru keluar dari goa apa gimane apa kerjaan lu emang nyebokin program ngaco,negatif,negatif,True,correct_negative,Prediksi sudah benar; teks berisi kritik eksplisit terhadap pemerintah dan program yang dianggap tidak jelas tujuannya.
label_sample_0042,negara membiarkan kemiskinan solusinya mbg,negatif,netral,False,kritik_implisit;model_miss,Model melewatkan kritik singkat/implisit bahwa MBG diposisikan sebagai solusi untuk kemiskinan.
label_sample_0702,betul makanan basi atau ada anak keracunan saat mbg aja yg disalahkan anaknya yg merekam bukan mengubah sistemnya sehingga tidak terjadi hal seperti itu lagi,negatif,negatif,True,correct_negative,Prediksi sudah benar; teks mengkritik respons sistem terhadap makanan basi/keracunan dalam MBG.
label_sample_0963,buat apa program mbg jika akan melahirkan generasi otak dan etik kosong indonesia itu butuh pendidikan gratis berkualitas untuk jenjang paud s d pt agar generasi indonesia bangkit dan mampu bersaing di dunia bukan terus dijajah asing dan aseng,negatif,negatif,True,correct_negative,Prediksi sudah benar; teks mempertanyakan manfaat MBG dan memprioritaskan pendidikan gratis berkualitas.
label_sample_0953,sorry typo anggaran kementerian kan saat ini dipotong sampai mengorbankan banyak kementerian contohnya kemenkes dan kemendikdasmen menurut gw ga cocok aja kalo kementerian itu dipotong apa lagi kalau hanya untuk membantu anggaran mbg,negatif,netral,False,kritik_implisit;campuran;model_miss,Model melewatkan kritik kebijakan anggaran; bahasanya relatif moderat sehingga mudah terbaca netral.
label_sample_0960,oh buzzer udh disanguin berapa sama pemerintah cukup kan buat makan sama susu anak trus anak yg skolah tetep dpt mbg wah enak bgt udhnya dibayarin pemerintah bgini ikut program pemerintah kok enak bgt udh bisa umroh berarti kan sama naik haji dr ngebuzzernya,negatif,netral,False,sarkasme;kritik_implisit;model_miss,"Model melewatkan sarkasme tentang buzzer, pemerintah, dan keuntungan dari program."
label_sample_0860,oke katakan proyek ikn ini memang distop dulu karena mmg mau revisi anggaran yang perlu dipikirkan termasuk kau juga mikir jelek jeleknya si owo mau fokus proyek mbg ini yang berujung anggaran ikn dipotong ikn setengah jadi apa gak hancur kita duit rakyat itu loh wak,negatif,negatif,True,correct_negative,Prediksi sudah benar; teks mengkritik pemotongan anggaran dan risiko proyek MBG terhadap penggunaan uang rakyat.
label_sample_0247,hah maksudnya apa sih meninjau mbg kok malah bagi skincare woy kerja yang bener,negatif,netral,False,kritik_implisit;model_miss,Model melewatkan kritik berbentuk pertanyaan/keluhan tentang kegiatan meninjau MBG yang dikaitkan dengan skincare.
label_sample_0895,gue sih amitâ kasih nilai aja udah bagus gak ada yg bener program mbg gak jalan danantara rampok duit rakyat liat jaksa agung mudah bgt di inversi erik tohir lgsg bilang tak ada korupsi dipertamina uu tni ubah uu tni reformasi seenak perutnya jokowi mentri korupsi tak diadili,negatif,negatif,True,correct_negative,"Prediksi sudah benar; teks berisi kritik luas terhadap MBG, tata kelola, korupsi, dan isu politik lain."
label_sample_0124,mbg adek gweh lontonge basi lagi anjink,negatif,negatif,True,correct_negative,Prediksi sudah benar; teks menyebut pengalaman makanan basi dalam MBG dengan nada negatif.
label_sample_0009,lagi pengen nempeleng orang pencetus program mbg,negatif,netral,False,kritik_implisit;model_miss,Model melewatkan ekspresi kemarahan terhadap pencetus program MBG.
label_sample_0658,kan ga semua butuh mbg bisa kan diberikan kepada yang butuh aja di data juga bisa mana anak orang mampu mana yang kagak jadi ga buang buang anggaran sama makanan,negatif,negatif,True,correct_negative,Prediksi sudah benar; teks mengkritik sasaran program yang dianggap tidak tepat dan boros anggaran/makanan.
label_sample_0155,kok hampir semua kementrian pd ngotot mbg ada apa,negatif,netral,False,konteks_kurang;kritik_implisit;model_miss,Model melewatkan pertanyaan bernada curiga tentang kementerian yang ngotot terhadap MBG; konteksnya singkat.
